<?xml version="1.0"?>
<doc>
    <assembly>
        <name>F1</name>
    </assembly>
    <members>
        <member name="T:F1.Configuration.AuthData">
            <summary>
            A serializable type for storing and reading auth data from a file.
            </summary>
        </member>
        <member name="T:F1.Configuration.AuthSection">
            <summary>
            The AuthSection configuration section defines the configurable properties
            used for authorisation with the live timing.
            </summary>
        </member>
        <member name="T:F1.Data.Encryption.DataDecryptor">
            <summary>
            The encryption method defined by livetiming is a simple rolling
            salt method. Thanks to Scott James Remnant for this.
            </summary>
        </member>
        <member name="M:F1.Data.Encryption.DataDecryptor.Reset">
            <summary>
            Reset the salt
            </summary>
        </member>
        <member name="M:F1.Data.Encryption.DataDecryptor.DecryptData(System.Byte[],System.Int32,System.Int32)">
            <summary>
            Decrypt some bytes and track the salt.
            </summary>
        </member>
        <member name="P:F1.Data.Encryption.DataDecryptor.Key">
            <summary>
            The decryption key
            </summary>
        </member>
        <member name="T:F1.Data.Encryption.DecryptStreamDecorator">
            <summary>
            Provide a Stream type which decorates other stream types with the
            functionality for decrypting the data. This is used so that knowledge
            of encryption is not required outside of this domain.
            </summary>
        </member>
        <member name="T:F1.Data.Packets.LongPacket">
            <summary>
            This defines the 'long packet' types, where we can receive up to 128
            bytes of data after our header which represents the message. The
            <see cref="P:F1.Data.Packets.Header.Datum"/> property contains this value.
            </summary>
        </member>
        <member name="T:F1.Data.Packets.Packet">
            <summary>
            This primitive type is a helper for tracking and receiving complete
            'packets' of data. It must be implemented. This packet must do
            a ContinueDataRead() until it IsComplete.
            </summary>
        </member>
        <member name="M:F1.Data.Packets.Packet.AcquirePayload(System.Int32)">
            <summary>
            Called from a constructor to begin the download process.
            </summary>
            <param name="dataSize">The amount of data required for this Packet.</param>
        </member>
        <member name="M:F1.Data.Packets.Packet.ContinueDataRead">
            <summary>
            If after calling AcquirePayload this Packet is not complete this
            method should be called when there is more data available in an
            attempt to try and retrieve a completed packet.
            </summary>
        </member>
        <member name="P:F1.Data.Packets.Packet.Payload">
            <summary>
            The implementing class can use this to retrieve the data received.
            </summary>
        </member>
        <member name="P:F1.Data.Packets.Packet.IsComplete">
            <summary>
            Indicates that we have received all of the requested bytes.
            </summary>
        </member>
        <member name="P:F1.Data.Packets.Packet.IsGarbage">
            <summary>
            Indicates that the data we have received is garbage.
            </summary>
        </member>
        <member name="P:F1.Data.Packets.LongPacket.Data">
            <summary>
            The data received in this Packet, up to 128 bytes. See <see cref="P:F1.Data.Packets.Packet.IsComplete"/>.
            </summary>
        </member>
        <member name="T:F1.Data.Packets.Header">
            <summary>
            <para>Defines the basic header information type for every message received
            in the streams. These two bytes will always preceed and sometimes be
            a complete message.</para>
            <para>
            Messages have the following format:
            <c>
            _byte2           _byte1
            [0|1|2|3|4|5|6|7][0|1|2|3|4|5|6|7]
             +-data------+ +-type-+ +-carid-+
            </c></para>
            </summary>
        </member>
        <member name="M:F1.Data.Packets.Header.#ctor(System.IO.Stream)">
            <summary>
            Construct from a stream to read 2 bytes. See <see cref="P:F1.Data.Packets.Packet.IsComplete"/> for
            true before interrogating the properties of this Packet.
            </summary>
        </member>
        <member name="P:F1.Data.Packets.Header.CarId">
            <summary>
            This is a car message if this value is not 0
            </summary>
        </member>
        <member name="P:F1.Data.Packets.Header.RawType">
            <summary>
            Returns the bits an integer form used to represent the message or car type.
            </summary>
        </member>
        <member name="P:F1.Data.Packets.Header.Datum">
            <summary>
            Returns the datum portion of the header which has a number of meanings depending
            on the packet type.
            </summary>
        </member>
        <member name="P:F1.Data.Packets.Header.IsSystemMessage">
            <summary>
            Utility property to detect for System messages
            </summary>
        </member>
        <member name="P:F1.Data.Packets.Header.IsCarMessage">
            <summary>
            Opposite of IsSystemMessage.
            </summary>
        </member>
        <member name="P:F1.Data.Packets.Header.SystemType">
            <summary>
            Helper to convert the RawType into a SystemPacketType enumeration.
            </summary>
        </member>
        <member name="P:F1.Data.Packets.Header.CarType">
            <summary>
            Helper to convert the RawType into a CarType enumeraiton.
            </summary>
        </member>
        <member name="T:F1.Data.PacketReaderImpl.IPacketReaderContract">
            <summary>
            Define the contract for this state machine.
            methods.
            </summary>
        </member>
        <member name="M:F1.Data.PacketReaderImpl.IPacketReaderContract.ReadNext">
            <summary>
            The states must implement this and process the next
            chunk of available data in it. It's ok to change state
            but if you require further processing, return true.
            </summary>
            <returns>true indicates we may not have completed the stream, and
            hence we should want to continue processing.</returns>
        </member>
        <member name="T:F1.Data.PacketReaderImpl.PacketReaderInit">
            <summary>
            The first state for initialising the packet reader.
            </summary>
        </member>
        <member name="T:F1.Data.PacketReaderImpl.NewMessageStartState">
            <summary>
            Start the process of reading the next message from
            the stream.
            </summary>
        </member>
        <member name="T:F1.Data.PacketReaderImpl.HeaderContinuationState">
            <summary>
            Read the remainder of the incomplete header message.
            </summary>
        </member>
        <member name="T:F1.Data.PacketReaderImpl.ProcessHeaderState">
            <summary>
            Process the completed header data, and start getting the data
            appropriate for the given message.
            </summary>
        </member>
        <member name="T:F1.Data.PacketReaderImpl.PacketContinuationState">
            <summary>
            Continue reading the data for this packet
            </summary>
        </member>
        <member name="T:F1.Data.PacketReaderImpl.ProcessMessageState">
            <summary>
            Complete the extraction of data for the message and queue the
            completed message.
            </summary>
        </member>
        <member name="T:F1.Data.PacketReaderImpl.ErrorState">
            <summary>
            We've reached an unrecoverable state.
            </summary>
        </member>
        <member name="T:F1.Data.PacketReader">
            <summary>
            Packet Reader is used to process an incoming stream of data
            and retrieve the appropriate messages from it.
            </summary>
            <remarks>
            This implements the Finite State Machine pattern to track
            progressing states through the stream of bytes. This is
            important because at any one time we may have a break in
            data from which we will need to continue another iteration
            later.
            </remarks>
        </member>
        <member name="M:F1.Data.PacketReader.#ctor(System.IO.Stream,System.IO.Stream)">
            <summary>
            Initialise the state machine with the raw input data
            as a stream.
            </summary>
        </member>
        <member name="M:F1.Data.PacketReader.ReadNext">
            <summary>
            Call this repeatedly every time data is available. This responsibility
            is up to the caller. This method will return false when it has
            exhausted it's data source. Otherwise the caller should call the
            method again.
            </summary>
        </member>
        <member name="P:F1.Data.PacketReader.CurrentEventType">
            <summary>
            Call this method in between ReadNext calls to determine the current
            state of the EventType variable. It can be used to change the current
            type, but remember this is not thread safe so do not call while
            in ReadNext.
            </summary>
        </member>
        <member name="P:F1.Data.PacketReader.MessageQueue">
            <summary>
            This queue can be inspected inbetween each call to ReadNext, any new
            messages can be pop'd. Do not change the state (pop) of this queue while in
            ReadNext as this is not thread safe.
            </summary>
        </member>
        <member name="T:F1.Data.Packets.ShortPacket">
            <summary>
            A Packet type which has two data portions. One is decoded
            from the Datum member of the Header and the other is downloaded.
            This means we have a maximum data size of 2^4 bytes. The short
            datum can contain a value between 0 and 2^3.
            </summary>
        </member>
        <member name="P:F1.Data.Packets.ShortPacket.Data">
            <summary>
            Long datum
            </summary>
        </member>
        <member name="P:F1.Data.Packets.ShortPacket.ShortDatum">
            <summary>
            Short datum.
            </summary>
        </member>
        <member name="T:F1.Data.Packets.SimplePacket">
            <summary>
            This packet allows the calling message type decide how much data to receive as
            it is not included in the Header.
            </summary>
        </member>
        <member name="T:F1.Enums.CarType">
            <summary>
            Car specific message types
            </summary>
        </member>
        <member name="T:F1.Enums.RaceCarType">
            <summary>
            Car message types during a race.
            </summary>
        </member>
        <member name="T:F1.Enums.PracticeCarType">
            <summary>
            Car message types during a practice session.
            </summary>
        </member>
        <member name="T:F1.Enums.QualifyCarType">
            <summary>
            Car message type during a qualifying session.
            </summary>
        </member>
        <member name="T:F1.Enums.EventType">
            <summary>
            Specifies the type of event we have connected to
            </summary>
        </member>
        <member name="T:F1.Exceptions.AuthorizationException">
            <summary>
            You have provided incorrect log in credentials for the live timing server.
            </summary>
        </member>
        <member name="T:F1.Exceptions.ConnectionException">
            <summary>
            There was a problem establishing any kind of a connection to the live timing servers.
            </summary>
        </member>
        <member name="T:F1.Exceptions.DeserialiseException">
            <summary>
            This can happen if there has been an error recognising the data.
            </summary>
        </member>
        <member name="T:F1.Exceptions.KeyFrameException">
            <summary>
            IKeyFrame providers may generate this exception if there is an
            error fulfilling a request.
            </summary>
        </member>
        <member name="T:F1.Exceptions.MessageMethodException">
            <summary>
            Indicates a message we do not support.
            </summary>
        </member>
        <member name="T:F1.Enums.SystemPacketType">
            <summary>
            Defines the type of a message.
            </summary>
        </member>
        <member name="F:F1.Enums.SystemPacketType.CarType">
            <summary>
            Car type, see <see cref="F:F1.Enums.SystemPacketType.CarType"/>
            </summary>
        </member>
        <member name="T:F1.Exceptions.ErrorStateException">
            <summary>
            This exception indicates a call was made into a state machine after
            it had reached an error condition.
            </summary>
        </member>
        <member name="T:F1.Exceptions.PacketGarbageException">
            <summary>
            Indicates that even though we've received the expected data, we
            have no hope of reading it because we haven't decrypted it correctly
            therefore it will only contain garbage.
            </summary>
        </member>
        <member name="T:F1.Exceptions.UnknownSystemTypeException">
            <summary>
            A type not seen before has been described in a packet header and therefore
            the live timing does not know how to continue with the stream. This is game
            over I'm afraid.
            </summary>
        </member>
        <member name="T:F1.LiveTimingMessageHandlerDelegate">
            <summary>
            Define a function pattern for receiving live timing messages. <see cref="T:F1.Messages.IMessage"/>
            </summary>
            <param name="msg">Will contain a message implementation which can be queried by reflection or
            by inspecting the <see cref="P:F1.Messages.IMessage.Type"/> property</param>
        </member>
        <member name="T:F1.ILiveTimingApp">
             <summary>
             <para>This interface represents the Live Timing application functionality and 
             is implemented in the library by two concrete types, one for connecting
             to the real live timing servers, and the other to simulate a live timing
             server.</para>
             
             <h1>Usage</h1>
             <para>In both cases the usage of this object will be similar.</para>
             
             <h2>Console Application</h2>
             <para>For a Console application it is quite likely that you will use the <see cref="M:F1.ILiveTimingApp.Run"/> method
             as your application's runtime loop. Hence you should construct your concreate type
             without a new thread and then call <see cref="M:F1.ILiveTimingApp.Run"/> at the point your application should block.
             A suitable keypress handler, for example CTRL+C, will allow you to interact with your
             application. See the example below.</para>
             
             <h2>WinForms Application</h2>
             <para>When creating a forms based application it may not be suitable to block any calling thread
             with a call to <see cref="M:F1.ILiveTimingApp.Run"/> as this will prevent any interaction with the GUI. The correct
             behaviour then is to indicate that a thread should be created on which to execute Run. Be aware 
             therefore that any event handlers will be called by this new thread, and not by applications main
             thread, hence you should take caution to protect your data from thread conditions. </para>
             
             <h2>Notice</h2>
             <para>This library uses the log4net library of components and it is therefore the application's
             responsibility to ensure these are correct initialised. See http://logging.apache.org/log4net/</para>
             
             <example>
             The following a simple example demonstrating being called from a console
             application where the main thread is used to drive the <c>Run()</c>
             method.
             
             <code>
             class Program
             {
             private readonly ILiveTimingApp _lt;
             private static readonly ILog Log = LogManager.GetLogger("Program");
            
             static void Main()
             {
                 log4net.Config.XmlConfigurator.Configure(); // use app.config
                 try
                 {
                     Program p = new Program();
                     p.Run();
                 }
                 catch (AuthorizationException)
                 {
                     Log.Error("Failed to authenticate credentials. Exiting.");
                 }
                 catch (ConnectionException)
                 {
                     Log.Error("Failed to connect to live timing server. Exiting.");
                 }
             }
             
             public Program()
             {
                 Console.CancelKeyPress += ConsoleCancelKeyPress;
                 
                 // We say false to starting a thread because we will call the Run method
                 // for this. If however we could not have a blocking call, specifying true
                 // here would create a new thread to run the live timing component on.
                 _lt = new LiveTiming("your@username.com", "Your password", false);
                 _lt.CarMessageHandler += MessageHandler;
                 _lt.SystemMessageHandler += MessageHandler;
             }
             
             private static void MessageHandler(IMessage msg)
             {
                 //  Log incoming messages
                 Log.Info(msg.ToString());
             }
             
             private void Run()
             {
                 try {
                     // block on the main thread until CTRL+C or EOS message.
                     _lt.Run();
                 }
                 finally {
                     // When the thread stops, we clean up.
                     _lt.Dispose();
                 }
             }
             
             private void ConsoleCancelKeyPress(object sender, ConsoleCancelEventArgs e)
             {
                 Log.Info("Caught ctrl+c, exiting application.");
                 _lt.Stop(false);
             }
             </code>
             </example>
             </summary>
        </member>
        <member name="M:F1.ILiveTimingApp.Run">
            <summary>
            This function implements the 'Runtime' of this library, and hence the calling
            thread is responsible for invoking the associated message handlers. Calling this method
            will block until one of either <see cref="M:F1.ILiveTimingApp.Stop(System.Boolean)"/> is called or an End of session
            message is generated <see cref="T:F1.Messages.System.EndOfSession"/>.
            </summary>
        </member>
        <member name="M:F1.ILiveTimingApp.Stop(System.Boolean)">
            <summary>
            For use by the owning application to 'Stop' the livetiming application. This will
            result in the <see cref="M:F1.ILiveTimingApp.Run"/> method exiting, and hence unblocking the calling
            thread.
            </summary>
            <param name="discard">true will cause the thread to exit abondoning any processing and messages that may
            remain. Use false to complete the current task before exiting.</param>
        </member>
        <member name="E:F1.ILiveTimingApp.SystemMessageHandler">
            <summary>
            Handle this event to receive System IMessage types. <see cref="T:F1.LiveTimingMessageHandlerDelegate"/>
            </summary>
        </member>
        <member name="E:F1.ILiveTimingApp.CarMessageHandler">
            <summary>
            Handle this event to receive Car IMessage types. <see cref="T:F1.LiveTimingMessageHandlerDelegate"/>
            </summary>
        </member>
        <member name="P:F1.ILiveTimingApp.CurrentEventType">
            <summary>
            The current event type once this race/qualy/free practice has started
            </summary>B
        </member>
        <member name="T:F1.LiveTiming">
            <summary>
            <para>This simple object is the API into the live timing library. You should create one which either
            creates its own internal thread to deliver messages on, or you should call the blocking Run()
            method. All events are delivered by the thread calling Run() and is seperate from the network
            threads, so feel free to use the event handlers' context as you need all it will do is block
            other messages' arival until your call exits.</para>
            <para>
            It is important to know that when establishing a connection it will attempt to connect to
            the live server on port 4321 however this often blocked (by firewalls). When it can not
            perform the connection it will 'fall back' to a keyframe method, where by a new frame
            is requested every 15 seconds. However this means data will only be delivered in bursts and
            not adhoc as in live streams. Application provider should make users aware of this.</para>
            <example>
            For an example see <see cref="T:F1.ILiveTimingApp"/>.
            </example>
            </summary>
        </member>
        <member name="M:F1.LiveTiming.#ctor(System.String,System.String,System.Boolean)">
            <summary>
            To create a live timing application you must have already registered at formula1.com for a username
            and password to access their live timing feed.
            </summary>
            <param name="username">Genuine formula1.com username for receiving authentication.</param>
            <param name="password">Genuine formula1.com password for receiving authentication.</param>
            <param name="createThread">After construction a child thread will be created, and Run will execute.</param>
        </member>
        <member name="M:F1.LiveTiming.Run">
            <summary>
            See <see cref="M:F1.ILiveTimingApp.Run"/>
            </summary>
        </member>
        <member name="M:F1.LiveTiming.Stop(System.Boolean)">
            <summary>
            See <see cref="M:F1.ILiveTimingApp.Stop(System.Boolean)"/>
            </summary>
        </member>
        <member name="M:F1.LiveTiming.DoDispatchMessage(F1.Messages.IMessage)">
            <summary>
            This method is run by the calling thread of Run so as not to interupt the
            message processing pump.
            </summary>
            <param name="msg"></param>
        </member>
        <member name="T:F1.Runtime.IMessageDispatch">
            <summary>
            Clients of this runtime (i.e. ILiveTimingApp implementations) should implement
            this interface if they wish to receive messages from the Runtime.
            </summary>
        </member>
        <member name="T:F1.LiveTimingSimulator">
            <summary>
            <para>This concrete ILiveTimingApp type should be used to simulate a live timing application
            when no F1 event is live.</para>
            <para>There are three ways to construct this simulator:
            <list type="number">
                <item>To perform a full simulation, live streaming and keyframe data.</item>
                <item>To perform a full simulation + authentication. As above but authenticates with the live server</item>
                <item>To perform a fallback simulation, key frames only.</item>
            </list>
            </para>
            <example>
            For an example see <see cref="T:F1.ILiveTimingApp"/>.
            </example>
            </summary>
        </member>
        <member name="M:F1.LiveTimingSimulator.#ctor(System.String,System.String,System.Boolean)">
            <summary>
            Create the live timing simulator, and behave as if it can not connect to the streaming
            server. This means it will deliver keyframe data in bursts. You must provide an auth file
            for this.
            </summary>
            <param name="keyFramePath">Path which contains the files matching keyframe pattern: keyframe_00nnn.bin</param>
            <param name="authKeyFile">A valid authkey file containing event id and decryption key pairs. See <see cref="T:F1.Simulator.AuthorizationKey"/> for more information regarding this file type.</param>
            <param name="createThread">After construction a child thread will be created, and Run will execute.</param>
        </member>
        <member name="M:F1.LiveTimingSimulator.#ctor(System.String,System.String,System.String,System.String,System.Boolean)">
            <summary>
            Create the live timing simulator with a genuine authentication server. This is useful if
            you have some archived data, but do not have the decrytpion key for it.
            </summary>
            <param name="keyFramePath">Path which contains the files matching keyframe pattern: keyframe_00nnn.bin</param>
            <param name="liveDataFile">Optional filepath of a live feed capture of data.</param>
            <param name="username">Genuine formula1.com username for receiving authentication.</param>
            <param name="password">Genuine formula1.com password for receiving authentication.</param>
            <param name="createThread">After construction a child thread will be created, and Run will execute.</param>
        </member>
        <member name="M:F1.LiveTimingSimulator.#ctor(System.String,System.String,System.String,System.Boolean)">
            <summary>
            Create the live timing simulator with an auth key file. Use this if you have already retrieved
            the authentication key and have written it to a file.
            </summary>
            <param name="keyFramePath">Path which contains the files matching keyframe pattern: keyframe_00nnn.bin</param>
            <param name="liveDataFile">Optional filepath of a live feed capture of data.</param>
            <param name="authKeyFile">A valid authkey file containing event id and decryption key pairs. See <see cref="T:F1.Simulator.AuthorizationKey"/> for more information regarding this file type.</param>
            <param name="createThread">After construction a child thread will be created, and Run will execute.</param>
        </member>
        <member name="M:F1.LiveTimingSimulator.Run">
            <summary>
            See <see cref="M:F1.ILiveTimingApp.Run"/>
            </summary>
        </member>
        <member name="M:F1.LiveTimingSimulator.Stop(System.Boolean)">
            <summary>
            See <see cref="M:F1.ILiveTimingApp.Stop(System.Boolean)"/>
            </summary>
        </member>
        <member name="M:F1.LiveTimingSimulator.DoDispatchMessage(F1.Messages.IMessage)">
            <summary>
            This method is run by the calling thread of Run so as not to interupt the
            message processing pump.
            </summary>
            <param name="msg"></param>
        </member>
        <member name="T:F1.Messages.Car.CarGap">
            <summary>
            
            </summary>
        </member>
        <member name="T:F1.Messages.Car.CarBaseMessage">
            <summary>
            Defines common behaviour, and base type, to all ICarMessage implementations. It
            contains the methods common to all including CarId and Colour. see <see cref="T:F1.Messages.ICarMessage"/>.
            </summary>
        </member>
        <member name="T:F1.Messages.ICarMessage">
            <summary>
            This is a specialisation of the IMessage type to further define
            car specific parameters.
            </summary>
        </member>
        <member name="T:F1.Messages.IMessage">
            <summary>
            This defines the basic interface of every message generated by implementations of <see cref="T:F1.ILiveTimingApp"/>.
            </summary>
        </member>
        <member name="M:F1.Messages.IMessage.CreatePacketType(F1.Data.Packets.Header,System.IO.Stream,System.IO.Stream)">
            <summary>
            Internal method, do not use.
            </summary>
        </member>
        <member name="M:F1.Messages.IMessage.Deserialise(F1.Data.Packets.Header,F1.Data.Packets.Packet)">
            <summary>
            Internal method, do not use.
            </summary>
        </member>
        <member name="P:F1.Messages.IMessage.Type">
            <summary>
            Defines the type of message represented in this implementation.
            </summary>
        </member>
        <member name="P:F1.Messages.ICarMessage.CarId">
            <summary>
            The unique identifier of a car as references by this livetiming library.
            </summary>
        </member>
        <member name="P:F1.Messages.ICarMessage.CarType">
            <summary>
            Specifies the type of car message.
            </summary>
        </member>
        <member name="P:F1.Messages.ICarMessage.Colour">
            <summary>
            Different colours mean different things, if you have a look at the genuine
            applet you'll see what.
            </summary>
        </member>
        <member name="P:F1.Messages.Car.CarBaseMessage.BaseData">
            <summary>
            Internal use.
            </summary>
        </member>
        <member name="P:F1.Messages.Car.CarBaseMessage.BaseShort">
            <summary>
            Internal use.
            </summary>
        </member>
        <member name="P:F1.Messages.Car.CarBaseMessage.CarId">
            <summary>
            See <see cref="P:F1.Messages.ICarMessage.CarId"/>
            </summary>
        </member>
        <member name="P:F1.Messages.Car.CarBaseMessage.CarType">
            <summary>
            See <see cref="P:F1.Messages.ICarMessage.CarType"/>
            </summary>
        </member>
        <member name="P:F1.Messages.Car.CarBaseMessage.Colour">
            <summary>
            See <see cref="P:F1.Messages.ICarMessage.Colour"/>
            </summary>
        </member>
        <member name="T:F1.Messages.Car.CarBaseMessage.TimeType">
            <summary>
            Specifies how to interpret the accompanying data.
            </summary>
        </member>
        <member name="F:F1.Messages.Car.CarBaseMessage.TimeType.NoData">
            <summary>
            Means that the message contained no valid data, hence the value will not contain
            a valid value.
            </summary>
        </member>
        <member name="F:F1.Messages.Car.CarBaseMessage.TimeType.Time">
            <summary>
            The value is a time quantity in seconds and fractions.
            </summary>
        </member>
        <member name="F:F1.Messages.Car.CarBaseMessage.TimeType.Lapped">
            <summary>
            The car is a lap behind.
            </summary>
        </member>
        <member name="F:F1.Messages.Car.CarBaseMessage.TimeType.Stop">
            <summary>
            The car has stopped. 
            </summary>
        </member>
        <member name="F:F1.Messages.Car.CarBaseMessage.TimeType.InPit">
            <summary>
            The car is in the pit.
            </summary>
        </member>
        <member name="F:F1.Messages.Car.CarBaseMessage.TimeType.Out">
            <summary>
            The car hass exited the pit.
            </summary>
        </member>
        <member name="F:F1.Messages.Car.CarBaseMessage.TimeType.Retired">
            <summary>
            The car chalks up another DNF.
            </summary>
        </member>
        <member name="F:F1.Messages.Car.CarBaseMessage.TimeType.NLaps">
            <summary>
            The number of laps completed by the front runner. Or the number
            of lapse the driver is behind. This is dependant on the message type.
            </summary>
        </member>
        <member name="T:F1.Messages.Car.CarInterval">
            <summary>
            
            </summary>
        </member>
        <member name="T:F1.Messages.Car.CarLapCount">
            <summary>
            Number of laps completed by this car.
            </summary>
        </member>
        <member name="P:F1.Messages.Car.CarLapCount.LapCount">
            <summary>
            Number of laps completed by this car.
            </summary>
        </member>
        <member name="T:F1.Messages.Car.CarLapTime">
            <summary>
            Latest time for the last complete lap.
            </summary>
        </member>
        <member name="P:F1.Messages.Car.CarLapTime.LapTime">
            <summary>
            Latest time for the last complete lap.
            </summary>
        </member>
        <member name="P:F1.Messages.Car.CarLapTime.LapTimeType">
            <summary>
            Defines how to interpret the LapTime value, see <see cref="T:F1.Messages.Car.CarBaseMessage.TimeType"/>
            </summary>
        </member>
        <member name="T:F1.Messages.Car.CarPitCount">
            <summary>
            The number of times this car has been in the Pit.
            </summary>
        </member>
        <member name="P:F1.Messages.Car.CarPitCount.Count">
            <summary>
            Pit count.
            </summary>
        </member>
        <member name="T:F1.Messages.Car.CarPitLap">
            <summary>
            One which lap the pit will/has occur/occured for the pit number, of which there can be only 3.
            </summary>
        </member>
        <member name="T:F1.Messages.Car.CarPitLap1">
            <summary>
            The lap on which the first pit will/has happen.
            </summary>
        </member>
        <member name="T:F1.Messages.Car.CarPitLap2">
            <summary>
            The lap on which the second pit will/has happen.
            </summary>
        </member>
        <member name="T:F1.Messages.Car.CarPitLap3">
            <summary>
            The lap on which the third pit will/has happen.
            </summary>
        </member>
        <member name="T:F1.Messages.Car.CarPositionHistory">
            <summary>
            This is an array of position changes for this car, which can be
            used to plot the history for the car on a graph.
            </summary>
        </member>
        <member name="P:F1.Messages.Car.CarPositionHistory.PositionHistory">
            <summary>
            These are all the positions of the car, where index=0 is the oldest. Note as
            with CarPositionUpdate, there may be a 0 value. Which is the equivelant of a
            'no' value.
            </summary>
        </member>
        <member name="T:F1.Messages.Car.CarPositionUpdate">
            <summary>
            Unsure how this differs from CarPosition, but it does.
            </summary>
        </member>
        <member name="P:F1.Messages.Car.CarPositionUpdate.Position">
            <summary>
            Zero value may mean that there is no known position for this car. The
            Java app seems to use it to clear the existing data for that car.
            </summary>
        </member>
        <member name="T:F1.Messages.Car.CarDriver">
            <summary>
            Implements ICarMessage to indicates which driver is driving for a given CarId.
            </summary>
        </member>
        <member name="T:F1.Messages.Car.CarNumber">
            <summary>
            Specifies the FIA assigned car number for a given car.
            </summary>
        </member>
        <member name="P:F1.Messages.Car.CarNumber.Number">
            <summary>
            It's FIA car number.
            </summary>
        </member>
        <member name="T:F1.Messages.Car.CarPosition">
            <summary>
            The current race position of the car.
            </summary>
        </member>
        <member name="P:F1.Messages.Car.CarPosition.Position">
            <summary>
            Retrieve the current running order/position of this CarId.
            </summary>
        </member>
        <member name="T:F1.Messages.Car.PracticeBestLapTime">
            <summary>
            The best time set during a practice lap.
            </summary>
        </member>
        <member name="P:F1.Messages.Car.PracticeBestLapTime.BestLap">
            <summary>
            Time in seconds of the best lap.
            </summary>
        </member>
        <member name="P:F1.Messages.Car.PracticeBestLapTime.BestLapType">
            <summary>
            Defines the behaviour of BestLap, see <see cref="T:F1.Messages.Car.CarBaseMessage.TimeType"/>
            </summary>
        </member>
        <member name="T:F1.Messages.Car.CarSectorTime">
            <summary>
            Defines the time for a given sector during a race or qualifying.
            </summary>
        </member>
        <member name="P:F1.Messages.Car.CarSectorTime.Sector">
            <summary>
            The sector for which this time was set.
            </summary>
        </member>
        <member name="P:F1.Messages.Car.CarSectorTime.SectorTime">
            <summary>
            The sector time in seconds, or Nan.
            </summary>
        </member>
        <member name="P:F1.Messages.Car.CarSectorTime.SectorTimeType">
            <summary>
            Defines the behaviour of SectorTime, see <see cref="T:F1.Messages.Car.CarBaseMessage.TimeType"/>
            </summary>
        </member>
        <member name="T:F1.Messages.Car.CarSectorTime1">
            <summary>
            Time for sector 1, see <see cref="T:F1.Messages.Car.CarSectorTime"/>
            </summary>
        </member>
        <member name="T:F1.Messages.Car.CarSectorTime2">
            <summary>
            Time for sector 2,  see <see cref="T:F1.Messages.Car.CarSectorTime"/>
            </summary>
        </member>
        <member name="T:F1.Messages.Car.CarSectorTime3">
            <summary>
            Time for sector 3,  see <see cref="T:F1.Messages.Car.CarSectorTime"/>
            </summary>
        </member>
        <member name="T:F1.Messages.Car.PracticeUnknown">
            <summary>
            Not sure what this means. I think it's likely to indicate some state of
            the car. For example the car has gone back into the pit.
            </summary>
        </member>
        <member name="T:F1.Messages.Car.QualifyPeriodTime">
            <summary>
            The time set during a qualifying period. There are 3 qualifying sessions, 
            and this defines the time for each.
            </summary>
        </member>
        <member name="P:F1.Messages.Car.QualifyPeriodTime.Period">
            <summary>
            The qualifying session.
            </summary>
        </member>
        <member name="P:F1.Messages.Car.QualifyPeriodTime.PeriodTime">
            <summary>
            The time for this session.
            </summary>
        </member>
        <member name="P:F1.Messages.Car.QualifyPeriodTime.PeriodTimeType">
            <summary>
            Defines the behaviour of PeriodTime, see <see cref="T:F1.Messages.Car.CarBaseMessage.TimeType"/>
            </summary>
        </member>
        <member name="T:F1.Messages.CarColours">
            <summary>
            Todo - document each of the colour meaning.
            </summary>
        </member>
        <member name="T:F1.Messages.System.Commentary">
            <summary>
            Free text message delivered from the server to provide commentary to the event.
            </summary>
        </member>
        <member name="P:F1.Messages.System.Commentary.Message">
            <summary>
            The next line of commentary. Words and sentances are often split between
            commentary which make their usage limited unless you just print the values.
            </summary>
        </member>
        <member name="T:F1.Messages.System.EndOfSession">
            <summary>
            Indicates that the current session is over. There is no data associated with this type.
            </summary>
        </member>
        <member name="T:F1.Messages.System.KeyFrame">
            <summary>
            The Runtime uses this message to drive when a keyframe is requested. Keyframe
            retrieval is performed on behalf of the application, and so it is not
            necessary for the Application to act on this message in any way.
            </summary>
        </member>
        <member name="T:F1.Messages.System.RaceLapNumber">
            <summary>
            The current lap count of the leader of the race, i.e. the number of laps
            elapsed in a race.
            </summary>
        </member>
        <member name="P:F1.Messages.System.RaceLapNumber.LapCount">
            <summary>
            Lap count of the leader of the race.
            </summary>
        </member>
        <member name="T:F1.Messages.System.Speed">
            <summary>
            This type as it serves two purposes. The first is to provide a list 
            of fastest 6 drivers and speeds in given sectors. The second is to 
            provide some other 'fastest' information for a Race.
            These values are as displayed on the second page on the java applet. 
            </summary>
        </member>
        <member name="P:F1.Messages.System.Speed.Column">
            <summary>
            Defines what is meant by the FastestSectors and MetaData properties.
            </summary>
        </member>
        <member name="P:F1.Messages.System.Speed.FastestSectors">
            <summary>
            A pair of values of drivers and their speed values.
            </summary>
        </member>
        <member name="P:F1.Messages.System.Speed.MetaData">
            <summary>
            Other data associated with this message, see <see cref="P:F1.Messages.System.Speed.Column"/> property.
            </summary>
        </member>
        <member name="T:F1.Messages.System.Speed.ColumnType">
            <summary>
            Describes the behaviour of this message
            </summary>
        </member>
        <member name="F:F1.Messages.System.Speed.ColumnType.FastestSector1">
            <summary>
            Pairs of fastest drivers and their speeds in sector 1
            </summary>
        </member>
        <member name="F:F1.Messages.System.Speed.ColumnType.FastestSector2">
            <summary>
            Pairs of fastest drivers and their speeds in sector 2
            </summary>
        </member>
        <member name="F:F1.Messages.System.Speed.ColumnType.FastestSector3">
            <summary>
            Pairs of fastest drivers and their speeds in sector 3
            </summary>
        </member>
        <member name="F:F1.Messages.System.Speed.ColumnType.FastestInTrap">
            <summary>
            Pairs of fastest drivers and their speeds in 'trap'
            </summary>
        </member>
        <member name="F:F1.Messages.System.Speed.ColumnType.FastestDriverNumber">
            <summary>
            Use MetaData field to retrieve the number of the fastest driver.
            </summary>
        </member>
        <member name="F:F1.Messages.System.Speed.ColumnType.FastestDriverName">
            <summary>
            Use MetaData field to retrieve the name of the fastest driver.
            </summary>
        </member>
        <member name="F:F1.Messages.System.Speed.ColumnType.FastestLapTime">
            <summary>
            Use MetaData field to retrieve the lap time of the fastest driver.
            </summary>
        </member>
        <member name="F:F1.Messages.System.Speed.ColumnType.FastestLapNumber">
            <summary>
            Use MetaData field to retrieve the lap number on which the fastest lap was set.
            </summary>
        </member>
        <member name="T:F1.Messages.System.Speed.SpeedPair">
            <summary>
            Describes a pairing of a driver and his speed (presumably in kph).
            </summary>
        </member>
        <member name="T:F1.Messages.System.TimeStamp">
            <summary>
            Time elapsed of the current event.
            </summary>
        </member>
        <member name="P:F1.Messages.System.TimeStamp.Time">
            <summary>
            The time in seconds of the amount of time elapsed in this event.
            </summary>
        </member>
        <member name="T:F1.Messages.System.TrackStatus">
            <summary>
            The current status (represented by a Colour) of this event.
            </summary>
        </member>
        <member name="P:F1.Messages.System.TrackStatus.Status">
            <summary>
            The current status of this event.
            </summary>
        </member>
        <member name="P:F1.Messages.System.TrackStatus.Message">
            <summary>
            Associated message with the current status of this event. Usefulness = unknown.
            </summary>
        </member>
        <member name="T:F1.Messages.System.TrackStatus.Colour">
            <summary>
            The current status
            </summary>
        </member>
        <member name="F:F1.Messages.System.TrackStatus.Colour.Green">
            <summary>
            All good.
            </summary>
        </member>
        <member name="F:F1.Messages.System.TrackStatus.Colour.Yellow">
            <summary>
            Yellow flag.
            </summary>
        </member>
        <member name="F:F1.Messages.System.TrackStatus.Colour.Red">
            <summary>
            Red flagged.
            </summary>
        </member>
        <member name="T:F1.Messages.System.RefreshRate">
            <summary>
            This is communicated from the server to instruct us how often to poll for data. The
            default is 1 second, and this will typically reflect that with a value of 1. However
            occasionally we get 60, presumably to reduce the traffic to the server in quiet
            times. Also 0 indicates the end of the stream and we can disconnect.
            
            The application does not need to react to this message, it is provided for completeness.
            </summary>
        </member>
        <member name="T:F1.Messages.System.Copyright">
            <summary>
            Copyright information for this stream returned by the server.
            </summary>
        </member>
        <member name="P:F1.Messages.System.Copyright.Message">
            <summary>
            Copyright information for this stream returned by the server.
            </summary>
        </member>
        <member name="T:F1.Messages.System.EventId">
            <summary>
            Generally received at the beginning of a session to indicate it's type (Race, Qualifying,
            Practice or None). As well as a unique identifier for this race. You will notice that this
            SessionId is used by authentication (see <see cref="T:F1.Simulator.AuthorizationKey"/>) to
            request a relevant decryption key. For none events, encryption is switched off, and this
            string therefore contains another undefined value.
            </summary>
        </member>
        <member name="P:F1.Messages.System.EventId.SessionId">
            <summary>
            4 digit session Id or undefined value for none events.
            </summary>
        </member>
        <member name="P:F1.Messages.System.EventId.EventType">
            <summary>
            The type of event (Race, Qualy, Practice or None). See <see cref="P:F1.Messages.System.EventId.EventType"/>.
            </summary>
        </member>
        <member name="T:F1.Messages.System.Notice">
            <summary>
            A free text notice field which allows for instructional information to the viewer.
            </summary>
        </member>
        <member name="P:F1.Messages.System.Notice.Message">
            <summary>
            A free text notice field which allows for instructional information to the viewer.
            </summary>
        </member>
        <member name="T:F1.Messages.System.Unknown1">
            <summary>
            Dunno yet.
            </summary>
        </member>
        <member name="T:F1.Messages.System.Weather">
            <summary>
            Weather data, not yet completed, do not use.
            </summary>
        </member>
        <member name="T:F1.Network.AsyncConnectionDriver">
            <summary>
            This driver is used to connect to the live server and pull the data. It's implementation relies
            on the proactor async pattern implemented by .NET sockets to send/receive data. However calls
            into the socket are all serialised to prevent race conditions through the command queue based
            thread. 
            </summary>
        </member>
        <member name="T:F1.Runtime.IDriver">
            <summary>
            <para>
            Implement this interface when driving the Runtime if you want to
            receive callbacks from the Runtime. Tell the Runtime during
            construction of your implementation, see <see cref="P:F1.Runtime.Runtime.Driver"/>
            </para>
            <para>
            Your implementation should probably provide its own thread to run this
            method as the <see cref="M:F1.ILiveTimingApp.Run"/> method will have blocked.
            However you could potentially use an event driven model for this to hang
            off of an application loop as processing time is quite low latency.
            </para>
            </summary>
        </member>
        <member name="M:F1.Runtime.IDriver.SetRefresh(System.Int32)">
            <summary>
            The runtime will tell us how often we need to be polling for
            new data to the live timing server.
            </summary>
            <param name="refreshRate">The interval in seconds</param>
        </member>
        <member name="M:F1.Runtime.IDriver.Terminate">
            <summary>
            Runtime has decoded a message which indicates the end of the
            stream, so we should exit.
            </summary>
        </member>
        <member name="M:F1.Runtime.IDriver.UpdateCurrentKeyFrame(System.Int32)">
            <summary>
            Updates the driver with the latest known keyframe number.
            </summary>
            <param name="currentFrame"></param>
        </member>
        <member name="T:F1.Network.KeyFrameDriver">
            <summary>
            Every 15 seconds this will ask for the next key frame when it becomes available.
            </summary>
        </member>
        <member name="T:F1.Protocol.AuthorizationKey">
            <summary>
            Connects to the formula1.com secure servers to authenticate the username and password.
            </summary>
        </member>
        <member name="T:F1.Runtime.IAuthKey">
            <summary>
            Authorization key services implement this.
            </summary>
        </member>
        <member name="M:F1.Runtime.IAuthKey.GetKey(System.String)">
            <summary>
            Based on the specified session, ask for a key used to decrypt the
            stream.
            </summary>
            <param name="session">The session indicator, see <see cref="P:F1.Messages.System.EventId.SessionId"/></param>
            <returns>The decryption key or 0.</returns>
        </member>
        <member name="T:F1.Protocol.KeyFrame">
            <summary>
            Provides keyframes downloaded from a webserver that is present during a live session.
            </summary>
        </member>
        <member name="T:F1.Runtime.IKeyFrame">
            <summary>
            Key frame provider.
            </summary>
        </member>
        <member name="M:F1.Runtime.IKeyFrame.GetKeyFrame">
            <summary>
            Return the default keyframe, ususally keyframe.bin
            </summary>
            <returns>A readable stream for the entire frame.</returns>
        </member>
        <member name="M:F1.Runtime.IKeyFrame.GetKeyFrame(System.Int32)">
            <summary>
            Returns a specific keyframe
            </summary>
            <param name="frameNumber">The keyframe number to return.</param>
            <returns>A readable stream for the entire frame.</returns>
        </member>
        <member name="T:F1.Runtime.Runtime">
            <summary>
            Defines the business logic of livetiming. This is designed to respond to certain conditions
            and events to ensure a smooth pipeline. It will deal with requests for Keyframes, Authentication
            and Session tracking.
            </summary>
        </member>
        <member name="M:F1.Runtime.Runtime.#ctor(System.IO.Stream,F1.Runtime.IAuthKey,F1.Runtime.IKeyFrame,F1.Runtime.IMessageDispatch)">
            <summary>
            Create the Runtime object to combine all the various components of the livetiming.
            </summary>
            <param name="liveStream">A stream used to represent the incoming data of the live stream.</param>
            <param name="authKeyService">Provider for authorization key requests.</param>
            <param name="keyFrameService">Provider for keyframes.</param>
            <param name="messageDispatch">A receiver for messages.</param>
        </member>
        <member name="M:F1.Runtime.Runtime.HandleRead">
            <summary>
            Call this from your IDriver to process more data available on the liveStream.
            </summary>
            <returns>true indicates there may be more data on the stream so call it again. false
            means that it has exhausted its current supply and your IDriver should go about sourcing
            more.</returns>
        </member>
        <member name="M:F1.Runtime.Runtime.HandleReadAdHoc(System.IO.Stream)">
            <summary>
            Call this from your IDriver if you have an entire frames worth of data to process. This useful only
            when processing keyframe data as it disregards any stateful information associated with the live stream.
            </summary>
            <param name="keyFrameData">The stream must contain complete data for a keyframe.</param>
        </member>
        <member name="P:F1.Runtime.Runtime.Driver">
            <summary>
            IDriver implementations can call this from their constructor to 'take control' of this runtime.
            I.e. become the driving force to processing messages for the runtime. Only one IDriver can exist.
            </summary>
        </member>
        <member name="T:F1.Simulator.AuthorizationKey">
            <summary>
            <para>
            Decodes a file which has the following format:
            </para>
            <c>
            6645 = 0xAC701BAE
            6644 = 0xBF941139
            6642 = 0xC1AD82A5
            6638 = 0x9BA5B44C
            6635 = 0x9DF36FD0
            </c>
            <para>
            Return a decryption key from the mapping loaded in the session file.
            </para>
            </summary>
        </member>
        <member name="T:F1.Simulator.FileCapDriver">
            <summary>
            A driver implementation used to simulator the live stream from a file capture.
            </summary>
        </member>
        <member name="T:F1.Simulator.KeyFrame">
            <summary>
            Reads keyframes from a directory path
            </summary>
        </member>
    </members>
</doc>
